EquipmentCategoryDesc,Base/Implement
4WD Loaders,Base
AG Tractors,Base
Agriculture Attachments,Implement
Agriculture Implements,Implement
Backhoes,Implement
Combine Harvesting,Base
Commercial Mowing,Base
Commercial Worksite Attachments,Implement
Compact 4WD Loaders,Base
Compact Attachments,Implement
Compact Excavators,Base
Compact Track Loaders,Base
Construction Attachments,Implement
Construction Tools,Implement
Crawlers,Base
Cutters & Shredders,Implement
Excavators,Base
Forestry Attachments,Implement
Golf Products,Base
Harvesters,Base
Hay & Forage,Base
Irrigation,Base
ISG,Base
Landscape Equipment,Implement
Material Handling,Implement
Mowers,Base
Nutrient Application,Base
Pavers,Base
Planting & Seeding,Base
Portable Power Equipment,Base
PRECISION AG TECHNOLOGY,Base
Riding Lawn Equipment,Base
Scrapers,Base
Skid Steers,Base
Snow Equipment,Implement
Sprayers,Base
Tillage,Base
Tractor Implements - Compact Utility and Utility Tractors,Implement
Tractor Loader Backhoe,Base
Trailers,Implement
Tree Care,Implement
Turf Attachments,Implement
Turf implements,Implement
Utility Vehicles,Base
Worksite Pro Implements,Implement
